restype,fir
filttype,gaus
rolloff,0.5
fs,32000.0
gain,2.0
srate,2100.0
ntaps,30
taps,0.00048522697761654854,0.0011103797005489469,0.0023898270446807146,0.004837598651647568,0.009210042655467987,0.016491562128067017,0.027773486450314522,0.04399136081337929,0.06553491950035095,0.09182196110486984,0.12100093811750412,0.1499682515859604,0.1748148500919342,0.19165746867656708,0.1976248323917389,0.19165746867656708,0.1748148500919342,0.1499682515859604,0.12100093811750412,0.09182196110486984,0.06553491950035095,0.04399136081337929,0.027773486450314522,0.016491562128067017,0.009210042655467987,0.004837598651647568,0.0023898270446807146,0.0011103797005489469,0.00048522697761654854,0.00019942827930208296
